[{"_id":"63c7e8fb7df42251c16eafdf","quiz_id":"aed745c0-8fea-41cf-bb38-7f3116ffff30","department":"link","q":"createmany","answer":0,"options":["may 1","cvb","cvb","may"],"__v":0},{"_id":"63c83266ac8bd5d9301c7c62","quiz_id":"aed745c0-8fea-41cf-bb38-7f3116ffff30","department":"link","q":"what is the color of bannana ?","answer":2,"options":["true 1","person 1","person 1","person 1"],"__v":0},{"_id":"63c84b0ea9c91000181153a5","quiz_id":"aed745c0-8fea-41cf-bb38-7f3116ffff30","department":"link","q":"full form of css","answer":2,"options":["true 1","pritesh 1","pritesh 1","pritesh 1"],"__v":0},{"_id":"63c84b1ba9c91000181153aa","quiz_id":"aed745c0-8fea-41cf-bb38-7f3116ffff30","department":"link","q":"full form of css","answer":1,"options":["person 1","pritesh 1","pritesh 1","pritesh 1"],"__v":0},{"_id":"63c84b1ba9c91000181153ae","quiz_id":"aed745c0-8fea-41cf-bb38-7f3116ffff30","department":"link","q":"full form of css","answer":1,"options":["person 1","pritesh 1","pritesh 1","pritesh 1"],"__v":0},{"_id":"63c84b25a9c91000181153b4","quiz_id":"aed745c0-8fea-41cf-bb38-7f3116ffff30","department":"link","q":"what is the color of bannana ?","answer":3,"options":["true 1","pritesh 1","",""],"__v":0}]